Chemin,"Taille (octets)","MD5 Hash","Dernière Modif"
public_html/php/lib/FichierIni.php,4769,53d9140f364ffa383fc661f1a24535be,"2026-09-23 16:21:35"
public_html/php/lib/ajaxappli.php,587,8f09222b2fc988178a771f58a2267b8f,"2026-09-23 16:21:31"
public_html/php/lib/html.php,11687,197f751914e6cc6dc9902ec9c107daff,"2026-09-23 16:22:13"
public_html/php/lib/configMysql.php,6701,4898578d1b2899acce567510d00ca0a3,"2026-09-23 22:26:02"
public_html/php/lib/Image.php,10612,0af789d5952c5cb57fdd1ea96c0b1a82,"2026-09-23 16:22:13"
public_html/php/lib/mysql.php,4347,1883a1332cdb0fa686e171dbeaaffda0,"2026-09-23 16:22:15"
public_html/php/lib/mammouth_api.php,2792,db4f74515c7ab7839d145889701f2051,"2026-09-23 16:22:14"
public_html/php/lib/utilssi.php,5707,44eb50c834455eafc98dd6ef49652cc0,"2026-09-23 16:22:18"
public_html/php/lib/config-images.php,694,fc472360685bf45fcc9120792a3b479b,"2026-09-23 16:21:33"
public_html/php/lib/fpdf/font/helveticab.php,4378,e6a51a1095857d6088f6d03e52834d7c,"2026-09-23 16:21:39"
public_html/php/lib/fpdf/font/courierbi.php,532,d7b762c46ab10fb98c3ad00c0fe8b051,"2026-09-23 16:21:38"
public_html/php/lib/fpdf/font/timesbi.php,4378,cd65e0ada1171267a5fd9fbc6d08f180,"2026-09-23 16:21:43"
public_html/php/lib/fpdf/font/zapfdingbats.php,4413,ea628411e3c5a86d869886395c3b3e5a,"2026-09-23 16:21:44"
public_html/php/lib/fpdf/font/courier.php,520,b65101a134c1282a6ebb0b99d8e7c098,"2026-09-23 16:21:36"
public_html/php/lib/fpdf/font/courierb.php,525,b4394c4579688350d2769a423258f364,"2026-09-23 16:21:37"
public_html/php/lib/fpdf/font/symbol.php,5639,98721092be9054dc04b7f140833e230d,"2026-09-23 16:21:41"
public_html/php/lib/fpdf/font/times.php,4372,afabb68fba5c1c957190404ac7c0969d,"2026-09-23 16:21:42"
public_html/php/lib/fpdf/font/courieri.php,528,61b471eda3c3c18cb2d4bce9ab2fb93e,"2026-09-23 16:21:38"
public_html/php/lib/fpdf/font/helvetica.php,4374,21bb61b7474b54a828bb14791dfafdaa,"2026-09-23 16:21:39"
public_html/php/lib/fpdf/font/helveticai.php,4382,4a8765f03e9557de0b75e36aaf7c2498,"2026-09-23 16:21:41"
public_html/php/lib/fpdf/font/timesb.php,4376,3385d8fb7424ca401bbc774f3b51b3b3,"2026-09-23 16:21:42"
public_html/php/lib/fpdf/font/timesi.php,4371,0179ad1f777d643da1e2893978a2328d,"2026-09-23 16:21:44"
public_html/php/lib/fpdf/font/helveticabi.php,4385,d7ae374aba76d2af75018d925f16b6be,"2026-09-23 16:21:40"
public_html/php/lib/fpdf/fpdf.php,64015,34984baeda6399cd120f9871395c1eeb,"2026-09-23 16:21:45"
public_html/php/lib/fpdi/FpdfTpl.php,13834,1ce51227b1f16fb9f2ded0ad4621c595,"2026-09-23 16:21:46"
public_html/php/lib/fpdi/PdfReader/PdfReaderException.php,659,3d9188787440b5f84acb45bedfb9e22b,"2026-09-23 16:22:11"
public_html/php/lib/fpdi/PdfReader/DataStructure/Rectangle.php,3512,4c756c1ccefbd31bd42dcaaad51affa2,"2026-09-23 16:22:08"
public_html/php/lib/fpdi/PdfReader/PdfReader.php,5812,518fec053f1eec816d09cfe79cf1bf5c,"2026-09-23 16:22:10"
public_html/php/lib/fpdi/PdfReader/Page.php,6887,46f68e76a55bed9c8322754cbe545041,"2026-09-23 16:22:09"
public_html/php/lib/fpdi/PdfReader/PageBoundaries.php,2352,778f9af54781f06641fd2bf9819b9e21,"2026-09-23 16:22:10"
public_html/php/lib/fpdi/FpdiTrait.php,17587,5b63daed10bc71fbff442cc2edc16d14,"2026-09-23 16:21:48"
public_html/php/lib/fpdi/autoload.php,644,57ab9574e70216a7405b2d025edc5d98,"2026-09-23 16:21:46"
public_html/php/lib/fpdi/Fpdi.php,4064,a5e23e602d4c3054eb248c835c15e7e9,"2026-09-23 16:21:47"
public_html/php/lib/fpdi/FpdiException.php,402,3a022c54413e3435ef27f62694530e29,"2026-09-23 16:21:48"
public_html/php/lib/fpdi/TcpdfFpdi.php,7881,93a40a3fbe56f2b742b47053812412cd,"2026-09-23 16:22:11"
public_html/php/lib/fpdi/PdfParser/Type/PdfDictionary.php,3512,540b0286aa8e6e6162ff0062c3a8839e,"2026-09-23 16:22:01"
public_html/php/lib/fpdi/PdfParser/Type/PdfTypeException.php,570,2a5bfbfd2be548a57c5ff65760492a68,"2026-09-23 16:22:08"
public_html/php/lib/fpdi/PdfParser/Type/PdfIndirectObjectReference.php,1210,fa37e860f477fde648fad129a731fc33,"2026-09-23 16:22:03"
public_html/php/lib/fpdi/PdfParser/Type/PdfToken.php,925,40e75c15c15aad7be33f3bc6d13719eb,"2026-09-23 16:22:07"
public_html/php/lib/fpdi/PdfParser/Type/PdfArray.php,2132,f4c61150ffea8e349d2e76fec1454ee0,"2026-09-23 16:22:00"
public_html/php/lib/fpdi/PdfParser/Type/PdfString.php,5148,d0b52e2c97226b3f562c422c00226572,"2026-09-23 16:22:06"
public_html/php/lib/fpdi/PdfParser/Type/PdfBoolean.php,941,03be8db73414227b0548f1d0c225dabb,"2026-09-23 16:22:01"
public_html/php/lib/fpdi/PdfParser/Type/PdfName.php,1923,04738c9b26b8f496f7f8f2e3c4c9ba4b,"2026-09-23 16:22:04"
public_html/php/lib/fpdi/PdfParser/Type/PdfNumeric.php,948,1a5420d196d30cc4ae4a409a18a1927d,"2026-09-23 16:22:05"
public_html/php/lib/fpdi/PdfParser/Type/PdfNull.php,435,5b29de9b2404e7d60b8f365ccad3ea96,"2026-09-23 16:22:04"
public_html/php/lib/fpdi/PdfParser/Type/PdfType.php,1928,ff3a94b801eb2a891800e45079570165,"2026-09-23 16:22:07"
public_html/php/lib/fpdi/PdfParser/Type/PdfIndirectObject.php,2558,07acb81dd373f917771c1d42d82c29f6,"2026-09-23 16:22:02"
public_html/php/lib/fpdi/PdfParser/Type/PdfHexString.php,1943,d4dbfa10448e87f46e1006f4c472cf83,"2026-09-23 16:22:02"
public_html/php/lib/fpdi/PdfParser/Type/PdfStream.php,8571,30f08b3b0a1d793f91b8e71a5e4d003e,"2026-09-23 16:22:05"
public_html/php/lib/fpdi/PdfParser/Filter/FilterInterface.php,550,23394b721727e8a28402a50c45084655,"2026-09-23 16:21:55"
public_html/php/lib/fpdi/PdfParser/Filter/Lzw.php,4292,1be7b652a5872427bc8c51e1c9c7e677,"2026-09-23 16:21:57"
public_html/php/lib/fpdi/PdfParser/Filter/LzwException.php,510,db221c2c244f8a4a3f77062eb5999e6c,"2026-09-23 16:21:57"
public_html/php/lib/fpdi/PdfParser/Filter/Flate.php,1842,ae96bd9fe46a2f1e02fe1beb0cf5eb0a,"2026-09-23 16:21:55"
public_html/php/lib/fpdi/PdfParser/Filter/Ascii85.php,3065,3ba40ef54cc5666528d14f88728246bf,"2026-09-23 16:21:52"
public_html/php/lib/fpdi/PdfParser/Filter/AsciiHex.php,1204,65c6aedc6c690a48a3acb4c9c3a0eb84,"2026-09-23 16:21:54"
public_html/php/lib/fpdi/PdfParser/Filter/FlateException.php,570,9e0921ffa3e02372c2be03e1b745c740,"2026-09-23 16:21:56"
public_html/php/lib/fpdi/PdfParser/Filter/Ascii85Exception.php,583,3cee20431bbd52225ed60f25723af2b0,"2026-09-23 16:21:53"
public_html/php/lib/fpdi/PdfParser/Filter/FilterException.php,550,db8f9917d71a5a2db9183d14b037f583,"2026-09-23 16:21:54"
public_html/php/lib/fpdi/PdfParser/StreamReader.php,11795,71646e38ef8aa8c1a02217edb0053d47,"2026-09-23 16:21:59"
public_html/php/lib/fpdi/PdfParser/PdfParserException.php,900,d45d8ffbdfaa4bc4979dcdd7b6f86c65,"2026-09-23 16:21:58"
public_html/php/lib/fpdi/PdfParser/PdfParser.php,8188,edc7a86addf9e9546c28c056e988260b,"2026-09-23 16:21:58"
public_html/php/lib/fpdi/PdfParser/Tokenizer.php,3798,a7c41bc35dd59909a5475c28a413f27c,"2026-09-23 16:22:00"
public_html/php/lib/fpdi/PdfParser/CrossReference/LineReader.php,5005,e89b41b4875702834118467171d8d60f,"2026-09-23 16:21:51"
public_html/php/lib/fpdi/PdfParser/CrossReference/CrossReference.php,8368,a176ac2534f01fb85807efdac9851680,"2026-09-23 16:21:49"
public_html/php/lib/fpdi/PdfParser/CrossReference/ReaderInterface.php,838,96b082efb9516dab19a5c0bcd2f54d72,"2026-09-23 16:21:52"
public_html/php/lib/fpdi/PdfParser/CrossReference/FixedReader.php,5692,318f851a1031dd0cd8478b62e1eeeb0d,"2026-09-23 16:21:51"
public_html/php/lib/fpdi/PdfParser/CrossReference/AbstractReader.php,2168,0fcac3638a453085a4424087978275a3,"2026-09-23 16:21:49"
public_html/php/lib/fpdi/PdfParser/CrossReference/CrossReferenceException.php,1349,7fb707e7ec4e95e2ec8f28b816dda883,"2026-09-23 16:21:50"
public_html/php/lib/pdf.php,16024,2ef36c21d631214b7e9f34cf96890072,"2026-09-23 16:22:17"
public_html/php/lib/params.php,1963,e7d4d84343b77eb94b6b981a9587726c,"2026-09-23 16:22:16"
public_html/php/lib/Cryptor.php,6426,0c8056a70758d79cc24b92e0154add63,"2026-09-23 16:21:35"
public_html/php/lib/ComposantsUI.php,2038,7b13bae508e310ab199c4401eb2f1d4b,"2026-09-23 16:21:32"
public_html/php/lib/LienAuditService.php,1749,f9d587411bb6f6dcdc774b43eeddc94b,"2026-09-23 16:22:14"
public_html/php/lib/Chiffrement.php,820,12f481f71066d9d129f8c6625ac19037,"2026-09-23 16:21:32"
public_html/php/lib/formulaire.php,8828,af0021f0f23ea00a1ff6431898fabded,"2026-09-23 16:21:36"
public_html/php/lib/tableHtml.php,1765,aa50244484f03001c43492b0eec06f87,"2026-09-23 16:22:17"
public_html/php/lib/Pagination.php,7474,b1e4f880459ee4260d9ea478a18503a8,"2026-09-23 16:22:16"
public_html/php/lib/gemini_api.php,3095,4e86519e8dcbf69767fefafda029968e,"2026-09-23 16:22:12"
public_html/php/lib/compteur.php,1686,078870aa68b1e426f8f2a57090396bdc,"2026-09-23 16:21:33"
public_html/php/note/Note.php,633,369975e0e52e62eb17e8e88138992312,"2026-09-23 16:22:30"
public_html/php/note/noteAjaxEnregistre.php,1649,696a3b81a0acd712fffd02e4531f8d77,"2026-09-23 16:22:31"
public_html/php/note/UtilisateurNote.php,10437,82d944faadecf0ed6cd98ddfd7712bdc,"2026-09-23 16:22:31"
public_html/php/navigation/Footer.php,2977,e6477277c1c94b4ba93f2cf5f557bd0f,"2026-09-23 16:22:28"
public_html/php/navigation/menu.php,7526,603d8631405b9704c9b129019fc72615,"2026-09-23 22:02:22"
public_html/php/navigation/login.php,2130,a3efcc8dd16cc97c839885ccb48d4abb,"2026-09-23 16:22:29"
public_html/php/navigation/cloc.php,2499,6760a9ac69bca870208a581f92dd1cf4,"2026-09-23 16:22:28"
public_html/php/audit/imagesCheck.php,12249,166cdf6fa3c4d7b43cd18505a46241d3,"2026-09-23 22:02:15"
public_html/php/playlist/playlist_liste.php,4484,3c0a6214344bfbda15689a52693d666c,"2026-09-23 16:22:33"
public_html/php/playlist/PlaylistFormRenderer.php,1236,93ffea1f72a37633d10ace2e710a487c,"2026-09-23 16:22:35"
public_html/php/playlist/playlist_form.php,1531,c2223d3ee5a13bb3462d3ae2d95767a3,"2026-09-23 16:22:32"
public_html/php/playlist/views/playlist_form_view.phtml,17681,de7930c9cad7b20af7a1b9c2b94aee1a,"2026-09-23 16:22:36"
public_html/php/playlist/PlaylistFormService.php,10564,01777ae29f11aede15309fe29b0ad734,"2026-09-23 16:22:35"
public_html/php/playlist/playlist_voir.php,5874,44aad2f024d542aa97b5da2b73a5593e,"2026-09-23 16:22:33"
public_html/php/playlist/playlist_get.php,3497,e5c5701b99dec24ddc6b4d4c4781fcb3,"2026-09-23 16:22:32"
public_html/php/playlist/playlist.php,12190,96398ef20b4dfb34a8e7c949230d39dd,"2026-09-23 16:22:34"
public_html/php/utilisateur/utilisateur_upload.php,3604,96059feb37162fd468569aa6543bd732,"2026-09-23 22:02:26"
public_html/php/utilisateur/utilisateur_liste.php,4007,d6f8f9115b3eb5c7dac7ebd493545d88,"2026-09-23 22:02:26"
public_html/php/utilisateur/Utilisateur.php,20163,ab823fefb48369fe93b6f64622278aa8,"2026-09-23 22:02:27"
public_html/php/utilisateur/utilisateur_inscription.php,1680,4db8d10b1ee8e44d52793a7498a416ac,"2026-09-23 22:02:25"
public_html/php/utilisateur/UtilisateurFormRenderer.php,2260,73eee33de7b15a42961e0b83ce613835,"2026-09-23 16:22:52"
public_html/php/utilisateur/views/utilisateur_inscription_view.phtml,8424,e26389698ede733753b8097401323289,"2026-09-23 16:22:55"
public_html/php/utilisateur/views/utilisateur_form_view.phtml,9121,b35aae5632112076b20058bb59899454,"2026-09-23 16:22:54"
public_html/php/utilisateur/oubliMotDePasse.php,4948,a520dccf8a6619db3a26a58f630cd10b,"2026-09-23 22:02:24"
public_html/php/utilisateur/utilisateur_get.php,2761,d97bd12dba54861f09a13fad620088b6,"2026-09-23 22:02:25"
public_html/php/utilisateur/utilisateur_activation.php,3585,abd33e0b5ff1a750f510d5fc93ce7573,"2026-09-23 22:02:24"
public_html/php/utilisateur/utilisateur_form.php,688,7574c0be48758d71431cfc99e1f7deaa,"2026-09-23 22:02:25"
public_html/php/utilisateur/UtilisateurInscriptionService.php,4987,8e065cf6278c6cda16a0abfd0d51cb61,"2026-09-23 22:02:27"
public_html/php/utilisateur/utilisateurBand_form.php,3497,77f1177e20c08eb1633ec47fde75bbd8,"2026-09-23 16:22:52"
public_html/php/utilisateur/UtilisateurFormService.php,965,5aeb792a71f141ee33402944aec68239,"2026-09-23 16:22:53"
public_html/php/liens/LienUrl.php,8240,ee4d2e55ba2cbd2f906aa33bcafdf862,"2026-09-23 16:22:23"
public_html/php/liens/lienDocSongbookGet.php,1151,2ebb95e43280f9538520b6871daa7246,"2026-09-23 16:22:20"
public_html/php/liens/lienurl_voir.php,3850,13ec5afe3641bd906c8d424c56f7a3cc,"2026-09-23 16:22:23"
public_html/php/liens/lienStrumChanson_post.php,1363,0b614bdb1f06fd525ee63cdb57d0922e,"2026-09-23 22:02:19"
public_html/php/liens/LienStrumChanson.php,2743,d69377a3096a4bef2c8e0e6e74853df6,"2026-09-23 16:22:22"
public_html/php/liens/lienurl_liste.php,9241,83f49a6b0dc3bc63d08c5c97bde5f1b4,"2026-09-23 16:22:22"
public_html/php/liens/lienurlPost.php,1742,2f38e066a343c04486665e5f90750cb7,"2026-09-23 22:02:20"
public_html/php/liens/lienChansonPlaylistGet.php,1695,e71352a4795a7a96bac474a113ea465a,"2026-09-23 16:22:19"
public_html/php/liens/lienChansonPlaylist.php,9304,96021355b781f5bb90fc901910d8dc00,"2026-09-23 16:22:19"
public_html/php/liens/LienDocSongbook.php,9259,c108a1c0403d0492e9da135335d5f5a2,"2026-09-23 16:22:20"
public_html/php/songbook/traiteOrdre.php,1098,7d60ce1d68aa4642a1bbb470772a5106,"2026-09-23 16:22:41"
public_html/php/songbook/songbook_liste.php,9117,a62d52a09972d046b4fe6fe219a991fd,"2026-09-23 16:22:38"
public_html/php/songbook/songbook-portfolio.php,4341,1b992f5fc3eec5cf77f5ed52a1265dbc,"2026-09-23 16:22:40"
public_html/php/songbook/Songbook.php,16310,6e8af48f2391a6126702bb2e26101e40,"2026-09-23 16:22:41"
public_html/php/songbook/songbook_corbeille.php,3381,9fe7f7e89c0e1ae77330756934deab05,"2026-09-23 16:22:37"
public_html/php/songbook/songbook_form.php,12049,7948ae0b1ddfd13a0dcac22db4308896,"2026-09-23 16:22:37"
public_html/php/songbook/songbook_voir.php,7964,4d6b307575824a2d0dd768ee07a9c3d0,"2026-09-23 16:22:40"
public_html/php/songbook/songbook_upload.php,4503,3f947ddf506fca302375e0a37fa42ab6,"2026-09-23 16:22:39"
public_html/php/songbook/songbook_get.php,5996,bd8a4b81c94c6c5c5997e1212d927cc1,"2026-09-23 16:22:38"
public_html/php/media/MediaRenderer.php,6357,1b43a2feda59780cac55631105974a0c,"2026-09-23 22:02:21"
public_html/php/media/listeMedias.php,12507,bcbbc2994debf73327a8f5a3d837161d,"2026-09-23 16:22:25"
public_html/php/media/MediaService.php,7174,eebc91636645da1caafdf639d5a16555,"2026-09-23 22:02:21"
public_html/php/media/Media.php,3363,6359b53f91031865b13f787ef81cd967,"2026-09-23 22:02:20"
public_html/php/media/MediaRepository.php,7943,7244cd2b91b0128d502973a4b0e866e3,"2026-09-23 22:02:21"
public_html/php/chanson/ChansonRenderer.php,3593,e0574bc2a6662a608ebd692f940b2490,"2026-09-23 16:21:24"
public_html/php/chanson/chanson_voir.php,1347,4082b84b97e2fd4b6e44a70968d5af50,"2026-09-23 22:02:17"
public_html/php/chanson/chanson_chercher.php,2631,9df9ae0d41208a1b8d10c787d71f876a,"2026-09-23 16:21:14"
public_html/php/chanson/Chanson.php,14562,d5e945630639472f2647df32ea3cc0f5,"2026-09-23 22:02:18"
public_html/php/chanson/chanson_form_new.php,16441,a8c4c0b6863a8870aab631f7e9305a08,"2026-09-23 22:02:15"
public_html/php/chanson/chanson_upload.php,6201,89309fd993f961dcfa029f7560898fe0,"2026-09-23 16:21:19"
public_html/php/chanson/chanson_form.php,1166,671a31c0e8b12b570c3dba2b94e32bd5,"2026-09-23 22:26:01"
public_html/php/chanson/ChansonVoirRenderer.php,707,d10fc478a02cebf19fe1831488e44690,"2026-09-23 16:21:26"
public_html/php/chanson/ChansonService.php,3088,eb7043203d39273c3e1f4ffe729acbb4,"2026-09-23 16:21:25"
public_html/php/chanson/chanson_publication_ajax.php,1402,dad65173f6ed4cc17226744e9a1e1a57,"2026-09-23 16:21:18"
public_html/php/chanson/ChansonFormRenderer.php,22257,f38ca9f7cf7325c0977ed89e1d59d153,"2026-09-23 20:58:55"
public_html/php/chanson/chanson_recherche_ajax.php,907,d8760a894a189169cffcef31891d6bb0,"2026-09-23 22:02:17"
public_html/php/chanson/views/chanson_form_view.phtml,19146,6cdabd11ca1e20f815422d9bb9dd7e71,"2026-09-23 20:58:56"
public_html/php/chanson/views/chanson_voir_view.phtml,12490,27c87a6c5d3b163a7b5fad33d547c575,"2026-09-23 16:21:27"
public_html/php/chanson/chanson_liste.php,14280,c0b7c295b66240a4ab73f1f7fa094846,"2026-09-23 22:02:16"
public_html/php/chanson/chanson_form_classic.php,4736,c7fd0e7a5e5c9c92017684e719ff45e3,"2026-09-23 16:21:15"
public_html/php/chanson/ChansonFormService.php,1477,e4bc5ed99f958d33a34d7616251a8dec,"2026-09-23 22:02:18"
public_html/php/chanson/chanson_post.php,9419,ca636af05c6d5b9a1ee9a39c2ae65200,"2026-09-23 22:02:17"
public_html/php/chanson/chanson-v-comp-cherche.php,1881,8d4bd0e7a877fcd415ff58b0ec33f118,"2026-09-23 16:21:21"
public_html/php/chanson/chanson_depublier_tout.php,1209,c48f8a19cd2e1ef2154da954b54a72d5,"2026-09-23 16:21:14"
public_html/php/chanson/ChansonRepository.php,8734,8926e950d7f5cbc1070997de9ffd60c4,"2026-09-23 16:21:24"
public_html/php/chanson/ChansonFormNewRenderer.php,1344,c596b9664c1720d1e0f87bbfa84123c9,"2026-09-23 16:21:22"
public_html/php/strum/strum_form.php,6859,cfc835599a75afe423b5a013a63bdbe8,"2026-09-23 22:02:22"
public_html/php/strum/chansons_par_strum_ajax.php,1374,8d4e81a5a0ac3d884b82acc2b1e1706f,"2026-09-23 22:02:22"
public_html/php/strum/strum_liste.php,5688,c00122da124b58508ca342f9f4d13cb3,"2026-09-23 22:02:23"
public_html/php/strum/Strum.php,14921,8baf3c1f34ca9824f5484957d5f4dfbb,"2026-09-23 16:22:45"
public_html/php/strum/strum_post.php,1766,9e2dbc32996821f64db4281e3e95a20b,"2026-09-23 22:02:23"
public_html/php/admin/audit_compare.php,5627,05e6b0d80b579088ca26792fd14a833e,"2026-09-23 22:02:13"
public_html/php/admin/audit_liens.phtml,6294,55d3e408e892ec8a93173bb7511ba2d7,"2026-09-23 16:21:08"
public_html/php/admin/params_view.phtml,5769,46c907df749208e4b09246f60cede5a1,"2026-09-23 16:21:10"
public_html/php/admin/params_ajax.php,1867,dfe297eaebe97d324a02455110d4d67f,"2026-09-23 16:21:09"
public_html/php/admin/audit_fichiers.php,3310,682edff64568d2c5e8d65d18ae0cc2d8,"2026-09-23 22:02:14"
public_html/php/admin/params.php,7206,7d4cab6e6d66c141b3c9d87b859a5751,"2026-09-23 16:21:10"
public_html/php/admin/AdminService.php,10190,e18989ae4ff7de90d67ec856d9c6bc26,"2026-09-23 21:53:46"
public_html/php/admin/audit_liens.php,1438,4f91d9f6b121a28fb147766b6ee714e7,"2026-09-23 16:21:08"
public_html/php/api/local_cover_search.php,1660,83327d78e92b0ca32d061b06b77f3698,"2026-09-23 22:02:15"
public_html/php/api/tunebat_scraper.php,4198,571f2567ec1459a513740fab51a6e8f1,"2026-09-23 16:21:13"
public_html/php/api/discogs_proxy.php,2707,9a1dd4deabfed376d6b63e5c43e99660,"2026-09-23 22:02:14"
public_html/php/api/songbpm_proxy.php,3138,27398b2c8d29eb919c0834ab871e4264,"2026-09-23 16:21:12"
public_html/php/todo/documentChercheTest.php,816,89c7919a0f76bbd95f677d1a2610481f,"2026-09-23 16:22:45"
public_html/php/todo/testLogger.php,574,ee0f913ce38ce662c39b59d54b6413b2,"2026-09-23 16:22:46"
public_html/php/todo/todo_admin.php,3486,f16405833538a8ae401d4cef7115f571,"2026-09-23 22:02:24"
public_html/php/document/document_recherche_ajax.php,993,dc8a2bb63c0575730c641cfcd476ecfa,"2026-09-23 22:02:19"
public_html/php/document/Document.php,10647,67714d8f198df8cc7e6b1edfb5b26f65,"2026-09-23 16:21:28"
public_html/php/document/documentChercheAjax.php,3370,782647e78cfac5ab4857dbcc139207b9,"2026-09-23 16:21:29"
public_html/php/document/documentCherche.php,2577,2f297da01202cd474cdbc4b0365ec93a,"2026-09-23 16:21:29"
public_html/php/document/getdoc.php,4345,4871b9674bec59e9f962bbd9ef8ea380,"2026-09-23 16:21:31"
public_html/php/document/documents_voir.php,6056,ec7a0b5a7c1d1de04b0f2f5313ed213f,"2026-09-23 16:21:30"
public_html/public/index.php,193,9191e612493a9835da9a23d6e9b55c3b,"2026-03-10 11:16:58"
public_html/public/js/npm.js,508,b8d47dd4dd62a44358c03fd4bcbbca18,"2026-03-10 11:16:58"
public_html/public/js/utilsJquery.js,2790,7921e790dbc04025d29ad9ff16b01493,"2026-03-11 09:52:54"
public_html/public/js/bootstrap.js,78399,5d9295fb2e104140fdc0c75b58cf90e1,"2026-03-10 11:16:58"
public_html/public/js/chansonForm.js,8770,ca259c7d4c73add50296b6f88d9716a1,"2026-03-10 11:16:58"
public_html/public/js/ie10-viewport-bug-workaround.js,661,5b64bb195cc361308c736fffa806bd8b,"2026-03-10 11:16:58"
public_html/public/js/jquery-1.12.4.min.js,97168,618538b4ab9639d444e962729a927f15,"2026-03-10 11:16:58"
public_html/public/js/bootstrap.3.2.0.min.js,31824,987facf80adec365394402f2026b943d,"2026-03-10 11:16:58"
public_html/public/js/jquery-ui.1.12.1.min.js,253680,7ea717799ef7fa610f53ea03784ff68e,"2026-03-10 11:16:58"
public_html/public/js/params.js,4056,366f90823c13b32ed71445acba9cdc17,"2026-05-27 15:29:02"
public_html/public/js/strum_liste.js,4912,30331cdb1b587ca5f99a3d5ad62e3a09,"2026-04-05 16:55:38"
public_html/public/js/bootstrap.min.js,39685,105a4995b8777aeaf68bff64bf7d2ae0,"2026-03-10 11:16:58"
public_html/public/js/songbookform.js,9779,6b9ffd72ace4d27181ccd150df01ac28,"2026-04-10 00:09:08"
public_html/public/js/precise-star-rating.js,2900,4b98c20979436ffdda9ae144a100d514,"2026-03-10 11:16:58"
public_html/public/js/toastr.min.js,5544,1515ed21d8bd30ca0fae0970f85a7fb3,"2026-03-10 11:16:58"
public_html/public/js/strum_form.js,1746,8fba7b6ce09a0c3a982014871437d3eb,"2026-03-11 22:20:54"
public_html/public/html/mentionsLegales.html,13928,a3629a123b8db8b7eab8bfbf146ef293,"2026-03-10 13:26:07"
public_html/public/html/merci.html,3253,2af9cdfb53bb8b09121076e99364748d,"2026-02-06 10:39:31"
public_html/public/html/composants/footer.html,1588,a01680ea051122bd9389e80a220b29a4,"2026-03-10 13:26:15"
public_html/public/html/composants/menuLogin.html,877,af862617248665072cf9298986c1a060,"2026-09-22 22:44:09"
public_html/public/html/boiteAstrum/index.html,14193,ff25be265e786ded197453086627a308,"2026-03-10 13:37:15"
public_html/public/html/boiteAstrum/assets/index-CTkD2rKX.css,7809,504309f3a08c0ee0ab1e1295ba06dd69,"2026-03-10 11:16:58"
public_html/public/html/boiteAstrum/assets/index-DwywnaSG.js,23042,340b901d31b7512278edeb93311dcb82,"2026-02-23 07:53:07"
public_html/public/html/boiteAstrum/assets/index-DfEfE7ld.js,23096,7a94c39ac844b9928b1dfd1856b2b678,"2026-03-10 11:16:58"
public_html/public/html/boiteAstrum/assets/index-Cbgzmy2C.js,22909,68d4256dd07dfc3bd53f0d518acdc692,"2026-02-23 07:42:40"
public_html/public/html/boiteAstrum/assets/index-DizxADh1.js,23290,dcf5158a7a52e342ffc49dc5e8a449b9,"2026-02-23 08:12:39"
public_html/public/html/boiteAstrum/worker.js,690,43e7757ed87d407b6bf482b6c7503d12,"2026-03-10 11:16:58"
public_html/public/html/diagrammes/index.html,11255,1e2be1a55cf9be71eb8728ab2dfea679,"2026-09-13 16:30:35"
public_html/public/html/diagrammes/assets/SvgDiagramme-BYNODQT1.js,34485,e9f5f407e0a705ece4671efba30ddd79,"2026-09-13 16:30:35"
public_html/public/html/diagrammes/assets/accords-BVmpcPN4.js,2645,13f39fb7cc58d3fc75d04deed667bfd3,"2026-09-13 16:30:35"
public_html/public/html/diagrammes/assets/SvgDiagramme-BalmWv52.css,12442,0ac87a3728004698e6b07838b6db0d0f,"2026-09-13 16:30:35"
public_html/public/html/diagrammes/assets/main-HhDICOmu.js,32064,f08450ed84bcec3cb8a399a634282267,"2026-09-13 16:30:35"
public_html/public/html/diagrammes/api/logs/stats.php,9215,b5f914c8d8f7160557830401ce32ad7c,"2026-02-23 18:14:44"
public_html/public/html/diagrammes/api/log_interaction.php,2203,b890156c83e5c521b679534bbea5be8e,"2026-02-21 10:47:28"
public_html/public/html/diagrammes/accords.html,2700,d1023c7bd6c75055d37268c20c3b0b03,"2026-09-13 16:30:35"
public_html/public/data/chansons/liste-mp3.php,1123,e0c95fc4eefc32fc8626345cc70af175,"2025-10-14 08:46:20"
public_html/public/data/chansons/23/lienDocSongbook.php,3196,0e5e2d2318dffa8c3eef50f61414f264,"2025-10-14 08:46:21"
public_html/css/strum_liste.css,2077,79022129a66b17711bd4d835aa1e1048,"2026-09-23 16:18:01"
public_html/css/playlistform.css,1979,9f3cb2e4eba4a6c433446be3dd383eb5,"2026-09-23 16:17:59"
public_html/css/utilisateur_liste.css,1853,b8da0d1ff7fb53efe00d106767bdd309,"2026-09-23 16:18:02"
public_html/css/composants-canopee.css,2584,cf22b8515697d1ae8269336f79b5d8b2,"2026-09-23 16:17:55"
public_html/css/bootstrap.css,146758,ee2a5f707aae0630381f4b8f9ec6cb69,"2026-09-23 16:17:49"
public_html/css/canopee-medias.css,5499,7ba88fd32b6eb6a9fcbbbfbffb300193,"2026-09-23 16:17:53"
public_html/css/chansonform.css,3715,cd8de873c7ecfaeccfdbc3a64befd262,"2026-09-23 16:17:54"
public_html/css/index.css,11137,6dc47f9aa9ad2bc5a6f43d895867a6b1,"2026-09-23 16:17:57"
public_html/css/bootstrap-theme.min.css,23411,2010fa9fb07541adc78a1ec0a8a4fbbf,"2026-09-23 16:17:47"
public_html/css/galerie_liens.css,2125,95aae4ef11a79c1110a2893302c57927,"2026-09-23 16:17:56"
public_html/css/songbookform.css,6740,2ccbcf7c9c5e854712c79705cbb8ea8a,"2026-09-23 16:17:59"
public_html/css/django-admin.css,5613,37237694eb69ac77ac5ba87c98216953,"2026-09-23 16:17:55"
public_html/css/bootstrap-theme.css,25874,e03cd35f405f298d40e32cd376e9d062,"2026-09-23 16:17:46"
public_html/css/styles-communs.css,4164,2e2bad36027f6bbfa7165b5b6831f7bb,"2026-09-23 16:18:01"
public_html/css/bootstrap.min.css,121200,ec3bb52a00e176a7181d454dffaea219,"2026-09-23 16:17:51"
public_html/css/params.css,7432,7ab44806a8181804041916523fe7bde8,"2026-09-23 16:17:58"
public_html/css/form.css,757,c0b2cd86fe5c4e9ad9de2e7907a08762,"2026-09-23 16:17:56"
public_html/css/strum_form.css,1180,761de83a9670c42b33ff17623c46e183,"2026-09-23 16:18:00"
public_html/css/jquery-ui.1.12.1.css,35973,c4a88ec0cb998929a670c0c58d7dc526,"2026-09-23 16:17:58"
public_html/css/toastr.min.css,6741,bc96861d9899e4e68fb2e59c363d8c60,"2026-09-23 16:18:02"
public_html/autoload.php,1978,62a11422d96c87c5277e8c80fc8b164a,"2026-09-23 22:26:01"
public_html/.user.ini,56,5d0d98c8a1188af089b8d3a3d6382174,"2025-10-14 08:39:01"
public_html/default.php,16430,aef25283d23ea2875594e188a864ffab,"2025-10-14 08:39:01"
public_html/index.php,230,6eae7ba5bdf2915d6d8a07b877e6566f,"2026-09-23 22:44:33"
public_html/js/npm.js,496,ac55cc9937663288813e48d86e0118f5,"2026-09-23 16:21:01"
public_html/js/utilsJquery.js,2710,2f9f2fa9d42b1ab9c671ce6604e5a53d,"2026-09-23 16:21:06"
public_html/js/bootstrap.js,75805,85514961a8f84814695b7700ba74b35e,"2026-09-23 16:20:57"
public_html/js/chansonForm.js,8511,b716d2a6a032980d43217e86c9902d69,"2026-09-23 16:20:58"
public_html/js/ie10-viewport-bug-workaround.js,641,5f17a8edcfca7e14e9e0a75f4f5f6b4b,"2026-09-23 16:20:59"
public_html/js/jquery-1.12.4.min.js,97163,4f252523d4af0b478c810c2547a63e19,"2026-09-23 16:21:00"
public_html/js/bootstrap.3.2.0.min.js,31819,abda843684d022f3bc22bc83927fe05f,"2026-09-23 16:20:56"
public_html/js/jquery-ui.1.12.1.min.js,253668,0a497d4661df7b82feee14332ce0bdaf,"2026-09-23 16:21:01"
public_html/js/params.js,4660,4d060feb542e456c1ecf523f510651ee,"2026-09-23 16:21:02"
public_html/js/strum_liste.js,4761,589bfe51358f5c1a3a96cbf4159e5ad3,"2026-09-23 16:21:04"
public_html/js/bootstrap.min.js,39680,2f34b630ffe30ba2ff2b91e3f3c322a1,"2026-09-23 16:20:58"
public_html/js/songbookform.js,9571,91c7fddc8d6bc2e3763cc611043c2967,"2026-09-23 16:21:03"
public_html/js/precise-star-rating.js,2848,1d126d141723ed79434900a4cc6ab095,"2026-09-23 16:21:03"
public_html/js/toastr.min.js,5537,b36f28de584845317de40a7219c82b1c,"2026-09-23 16:21:05"
public_html/js/strum_form.js,1692,ce3aed34a84b81a93343cf34100e8c01,"2026-09-23 16:21:04"
public_html/html/mentionsLegales.html,13836,0fd72ede8823af151340e9f76b4cd414,"2026-09-23 16:20:54"
public_html/html/merci.html,3173,95f944af1d1c75edcab125a406333f30,"2026-09-23 16:20:55"
public_html/html/composants/footer.html,1559,10ca2f84ada5e1c0c88705dda41185f1,"2026-09-23 16:18:37"
public_html/html/composants/menuLogin.html,863,00a94b838741c7f7a26e7350668b1c83,"2026-09-23 16:18:38"
public_html/html/boiteAstrum/index.html,14193,ff25be265e786ded197453086627a308,"2026-09-23 16:18:09"
public_html/html/boiteAstrum/assets/index-CTkD2rKX.css,7808,9e41afa6fd611469164d9f970d18ae6b,"2026-09-23 16:18:08"
public_html/html/boiteAstrum/assets/index-DfEfE7ld.js,23095,7f93bf9542973b0fb622f57751cbdda8,"2026-09-23 16:18:08"
public_html/html/boiteAstrum/worker.js,661,5574bf2656da28a783e7805493f0f2d2,"2026-09-23 16:18:36"
public_html/html/diagrammes/index.html,308,eea344d049331c880274d77b821d14e0,"2026-09-23 22:44:32"
public_html/html/diagrammes/accords.js,7984,5facfc14140407b694f0ab119d5a4872,"2026-09-23 16:18:38"
public_html/html/diagrammes/diagrammes.js,14408,8f4a92c7942e96e7d4a7ef0b8e268613,"2026-09-23 16:20:51"
public_html/html/diagrammes/style.css,494,1bfd081b5e47c613c5ff72031676a351,"2026-09-23 16:20:53"
public_html/data/backups/backup_partoches_2026-05-27_15-30-13.sql,0,d41d8cd98f00b204e9800998ecf8427e,"2026-05-27 15:30:13"
public_html/data/conf/params.ini,1933,ed33dfdc963234b4c66df5b9e2c1b983,"2026-09-23 07:16:19"
public_html/data/database/migrations/003_add_activation_token_to_utilisateur.sql,367,2d068fce160832426562613484718a4a,"2026-09-23 06:35:21"
public_html/data/database/migrations/002_migrate_strum_ids.sql,900,8b2f8c761ad9a1a82052c71381fa436f,"2026-04-04 16:54:07"
public_html/data/database/migrations/001_playlists_and_dynamic_mode.sql,883,348bb7c385f07305da7ce44e873c3388,"2026-04-04 16:42:00"
